{
    "loss": 2.914400339126587,
    "accuracy": 0.6465517282485962
}